protid, function, position, origseq, variant
AKU25193.1, hypothetical protein, 14662, C, CG
AKU25520.1, hypothetical protein, 464445, C, CG
AKU25531.1, glycerol-3-phosphate dehydrogenase, 487424, T, TC
AKU25539.1, transposase, 496187, TA, T
AKU25552.1, methylglyoxal synthase, 514436, T, TC
AKU25556.1, hypothetical protein, 519820, C, CT
AKU25679.1, hypothetical protein, 661900, G, GC
AKU25779.1, metal ABC transporter permease, 767932, G, GC
AKU26206.1, hypothetical protein, 1262314, TC, T
AKU26253.1, hypothetical protein, 1310368, A, AG
AKU26310.1, hypothetical protein, 1372460, A, AG
AKU26719.1, hypothetical protein, 1877616, C, CG
AKU26900.1, hypothetical protein, 2080219, T, TA
AKU27200.1, hypothetical protein, 2490953, T, TC
AKU27233.1, hypothetical protein, 2523607, G, GC
AKU27296.1, LacI family transcriptional regulator, 2599578, C, CG
AKU27354.1, hypothetical protein, 2667896, A, AC
AKU27440.1, hypothetical protein, 2775042, T, TG
AKU27807.1, chemotaxis protein CheY, 3206961, AT, A
AKU27840.1, hypothetical protein, 3247355, A, AGT
AKU27840.1, hypothetical protein, 3247605, G, GA
AKU27866.1, hypothetical protein, 3305770, T, TA
AKU27866.1, hypothetical protein, 3305820, G, GA
AKU27867.1, hypothetical protein, 3306018, G, GT
AKU27867.1, hypothetical protein, 3306130, T, TTCGA
AKU27868.1, hypothetical protein, 3306821, G, GA
AKU27870.1, zinc transporter ZitB, 3307856, C, CG
AKU27870.1, zinc transporter ZitB, 3307880, A, ATC
AKU27923.1, hypothetical protein, 3390559, G, GC
AKU27962.1, small acid-soluble spore protein Tlp, 3448648, G, GAT